Date,Time,Steps
2025.11.10 00:01:00,00:01:00,14
2025.11.10 00:05:00,00:05:00,23
2025.11.10 00:06:00,00:06:00,7
2025.11.10 00:07:00,00:07:00,40
2025.11.10 00:08:00,00:08:00,6
2025.11.10 01:10:00,01:10:00,8
2025.11.10 01:11:00,01:11:00,26
2025.11.10 01:12:00,01:12:00,33
2025.11.10 01:13:00,01:13:00,9
2025.11.10 01:14:00,01:14:00,58
2025.11.10 01:15:00,01:15:00,12
2025.11.10 01:18:00,01:18:00,7
2025.11.10 03:48:00,03:48:00,36
2025.11.10 04:18:00,04:18:00,53
2025.11.10 04:19:00,04:19:00,22
2025.11.10 07:07:00,07:07:00,11
2025.11.10 07:47:00,07:47:00,12
2025.11.10 09:25:00,09:25:00,15
2025.11.10 09:26:00,09:26:00,16
2025.11.10 09:27:00,09:27:00,34
2025.11.10 09:28:00,09:28:00,36
2025.11.10 09:33:00,09:33:00,13
2025.11.10 09:34:00,09:34:00,16
2025.11.10 09:44:00,09:44:00,43
2025.11.10 09:47:00,09:47:00,27
2025.11.10 09:48:00,09:48:00,33
2025.11.10 09:49:00,09:49:00,14
2025.11.10 09:55:00,09:55:00,16
2025.11.10 09:57:00,09:57:00,10
2025.11.10 09:59:00,09:59:00,11
2025.11.10 10:00:00,10:00:00,68
2025.11.10 10:01:00,10:01:00,11
2025.11.10 10:02:00,10:02:00,24
2025.11.10 10:05:00,10:05:00,16
2025.11.10 10:06:00,10:06:00,21
2025.11.10 11:09:00,11:09:00,86
2025.11.10 11:10:00,11:10:00,93
2025.11.10 11:11:00,11:11:00,13
2025.11.10 11:12:00,11:12:00,69
2025.11.10 11:13:00,11:13:00,60
2025.11.10 11:14:00,11:14:00,39
2025.11.10 11:15:00,11:15:00,20
2025.11.10 11:16:00,11:16:00,42
2025.11.10 11:17:00,11:17:00,45
2025.11.10 11:18:00,11:18:00,20
2025.11.10 11:19:00,11:19:00,23
2025.11.10 11:20:00,11:20:00,18
2025.11.10 11:22:00,11:22:00,40
2025.11.10 11:23:00,11:23:00,18
2025.11.10 11:24:00,11:24:00,94
2025.11.10 11:25:00,11:25:00,80
2025.11.10 11:27:00,11:27:00,64
2025.11.10 11:28:00,11:28:00,4
2025.11.10 11:29:00,11:29:00,27
2025.11.10 11:30:00,11:30:00,24
2025.11.10 11:31:00,11:31:00,20
2025.11.10 11:32:00,11:32:00,14
2025.11.10 11:34:00,11:34:00,50
2025.11.10 11:35:00,11:35:00,2
2025.11.10 12:15:00,12:15:00,50
2025.11.10 12:16:00,12:16:00,99
2025.11.10 12:17:00,12:17:00,102
2025.11.10 12:18:00,12:18:00,100
2025.11.10 12:19:00,12:19:00,99
2025.11.10 12:20:00,12:20:00,99
2025.11.10 12:21:00,12:21:00,35
2025.11.10 13:12:00,13:12:00,77
2025.11.10 13:13:00,13:13:00,98
2025.11.10 13:14:00,13:14:00,98
2025.11.10 13:15:00,13:15:00,100
2025.11.10 13:16:00,13:16:00,47
2025.11.10 13:17:00,13:17:00,69
2025.11.10 13:18:00,13:18:00,22
2025.11.10 13:19:00,13:19:00,69
2025.11.10 13:20:00,13:20:00,34
2025.11.10 13:28:00,13:28:00,12
2025.11.10 13:30:00,13:30:00,12
2025.11.10 14:06:00,14:06:00,8
2025.11.10 14:20:00,14:20:00,17
2025.11.10 14:22:00,14:22:00,7
2025.11.10 14:23:00,14:23:00,11
2025.11.10 14:24:00,14:24:00,96
2025.11.10 14:25:00,14:25:00,92
2025.11.10 14:26:00,14:26:00,91
2025.11.10 14:27:00,14:27:00,97
2025.11.10 14:28:00,14:28:00,93
2025.11.10 14:29:00,14:29:00,94
2025.11.10 14:30:00,14:30:00,99
2025.11.10 14:31:00,14:31:00,96
2025.11.10 14:32:00,14:32:00,42
2025.11.10 15:14:00,15:14:00,16
2025.11.10 15:15:00,15:15:00,83
2025.11.10 15:16:00,15:16:00,100
2025.11.10 15:17:00,15:17:00,98
2025.11.10 15:18:00,15:18:00,100
2025.11.10 15:19:00,15:19:00,92
2025.11.10 15:20:00,15:20:00,39
2025.11.10 15:21:00,15:21:00,73
2025.11.10 15:22:00,15:22:00,68
2025.11.10 15:24:00,15:24:00,12
2025.11.10 15:25:00,15:25:00,17
2025.11.10 15:30:00,15:30:00,39
2025.11.10 15:31:00,15:31:00,11
2025.11.10 15:32:00,15:32:00,11
2025.11.10 15:44:00,15:44:00,15
2025.11.10 16:55:00,16:55:00,22
2025.11.10 16:56:00,16:56:00,7
2025.11.10 16:57:00,16:57:00,22
2025.11.10 16:58:00,16:58:00,100
2025.11.10 16:59:00,16:59:00,90
2025.11.10 17:00:00,17:00:00,94
2025.11.10 17:01:00,17:01:00,98
2025.11.10 17:02:00,17:02:00,91
2025.11.10 17:03:00,17:03:00,97
2025.11.10 17:04:00,17:04:00,32
2025.11.10 17:19:00,17:19:00,11
2025.11.10 17:26:00,17:26:00,13
2025.11.10 17:28:00,17:28:00,59
2025.11.10 17:29:00,17:29:00,47
2025.11.10 17:30:00,17:30:00,63
2025.11.10 17:31:00,17:31:00,14
2025.11.10 17:56:00,17:56:00,13
2025.11.10 18:29:00,18:29:00,66
2025.11.10 18:30:00,18:30:00,39
2025.11.10 18:31:00,18:31:00,16
2025.11.10 18:32:00,18:32:00,56
2025.11.10 18:33:00,18:33:00,26
2025.11.10 18:34:00,18:34:00,34
2025.11.10 18:35:00,18:35:00,13
2025.11.10 18:36:00,18:36:00,13
2025.11.10 18:37:00,18:37:00,16
2025.11.10 18:38:00,18:38:00,12
2025.11.10 18:39:00,18:39:00,20
2025.11.10 18:40:00,18:40:00,42
2025.11.10 18:41:00,18:41:00,37
2025.11.10 18:42:00,18:42:00,22
2025.11.10 18:43:00,18:43:00,45
2025.11.10 18:45:00,18:45:00,10
2025.11.10 18:50:00,18:50:00,64
2025.11.10 18:52:00,18:52:00,84
2025.11.10 18:53:00,18:53:00,25
2025.11.10 18:54:00,18:54:00,17
2025.11.10 18:56:00,18:56:00,15
2025.11.10 19:01:00,19:01:00,29
2025.11.10 19:02:00,19:02:00,22
2025.11.10 19:03:00,19:03:00,43
2025.11.10 19:04:00,19:04:00,32
2025.11.10 19:05:00,19:05:00,56
2025.11.10 19:12:00,19:12:00,19
2025.11.10 19:13:00,19:13:00,81
2025.11.10 19:14:00,19:14:00,39
2025.11.10 19:15:00,19:15:00,34
2025.11.10 19:17:00,19:17:00,28
2025.11.10 19:19:00,19:19:00,19
2025.11.10 19:35:00,19:35:00,24
2025.11.10 19:36:00,19:36:00,23
2025.11.10 19:37:00,19:37:00,71
2025.11.10 19:38:00,19:38:00,55
2025.11.10 19:39:00,19:39:00,59
2025.11.10 19:40:00,19:40:00,30
2025.11.10 19:41:00,19:41:00,29
2025.11.10 19:42:00,19:42:00,26
2025.11.10 19:43:00,19:43:00,26
2025.11.10 19:44:00,19:44:00,23
2025.11.10 19:45:00,19:45:00,23
2025.11.10 19:46:00,19:46:00,6
2025.11.10 19:48:00,19:48:00,6
2025.11.10 20:11:00,20:11:00,6
2025.11.10 20:30:00,20:30:00,14
2025.11.10 20:34:00,20:34:00,13
2025.11.10 20:36:00,20:36:00,69
2025.11.10 20:37:00,20:37:00,56
2025.11.10 20:38:00,20:38:00,2
2025.11.10 21:04:00,21:04:00,19
2025.11.10 21:05:00,21:05:00,23
2025.11.10 21:06:00,21:06:00,12
2025.11.11 00:06:00,00:06:00,42
2025.11.11 00:08:00,00:08:00,7
2025.11.11 00:09:00,00:09:00,22
2025.11.11 00:12:00,00:12:00,21
2025.11.11 00:13:00,00:13:00,45
2025.11.11 00:24:00,00:24:00,11
2025.11.11 00:25:00,00:25:00,20
2025.11.11 00:26:00,00:26:00,31
2025.11.11 00:28:00,00:28:00,15
2025.11.11 00:29:00,00:29:00,24
2025.11.11 04:09:00,04:09:00,46
2025.11.11 04:10:00,04:10:00,56
2025.11.11 04:11:00,04:11:00,23
2025.11.11 04:31:00,04:31:00,17
2025.11.11 04:33:00,04:33:00,11
2025.11.11 07:53:00,07:53:00,10
2025.11.11 10:10:00,10:10:00,10
2025.11.11 10:11:00,10:11:00,74
2025.11.11 10:12:00,10:12:00,58
2025.11.11 10:13:00,10:13:00,30
2025.11.11 10:14:00,10:14:00,31
2025.11.11 10:16:00,10:16:00,27
2025.11.11 10:17:00,10:17:00,14
2025.11.11 10:19:00,10:19:00,49
2025.11.11 10:58:00,10:58:00,56
2025.11.11 11:45:00,11:45:00,20
2025.11.11 11:46:00,11:46:00,58
2025.11.11 11:52:00,11:52:00,33
2025.11.11 11:53:00,11:53:00,37
2025.11.11 11:54:00,11:54:00,18
2025.11.11 12:07:00,12:07:00,11
2025.11.11 12:11:00,12:11:00,20
2025.11.11 12:12:00,12:12:00,57
2025.11.11 12:13:00,12:13:00,20
2025.11.11 12:14:00,12:14:00,54
2025.11.11 12:15:00,12:15:00,22
2025.11.11 12:16:00,12:16:00,11
2025.11.11 12:17:00,12:17:00,28
2025.11.11 12:18:00,12:18:00,97
2025.11.11 12:19:00,12:19:00,32
2025.11.11 12:20:00,12:20:00,15
2025.11.11 12:21:00,12:21:00,53
2025.11.11 12:22:00,12:22:00,39
2025.11.11 12:23:00,12:23:00,31
2025.11.11 12:24:00,12:24:00,32
2025.11.11 12:37:00,12:37:00,16
2025.11.11 12:38:00,12:38:00,43
2025.11.11 12:39:00,12:39:00,4
2025.11.11 12:40:00,12:40:00,11
2025.11.11 12:41:00,12:41:00,22
2025.11.11 12:42:00,12:42:00,27
2025.11.11 12:43:00,12:43:00,40
2025.11.11 12:44:00,12:44:00,11
2025.11.11 12:45:00,12:45:00,43
2025.11.11 12:55:00,12:55:00,25
2025.11.11 12:56:00,12:56:00,72
2025.11.11 12:57:00,12:57:00,47
2025.11.11 12:58:00,12:58:00,65
2025.11.11 12:59:00,12:59:00,32
2025.11.11 13:00:00,13:00:00,24
2025.11.11 13:01:00,13:01:00,39
2025.11.11 13:02:00,13:02:00,18
2025.11.11 13:03:00,13:03:00,45
2025.11.11 13:04:00,13:04:00,81
2025.11.11 13:05:00,13:05:00,16
2025.11.11 13:49:00,13:49:00,36
2025.11.11 13:50:00,13:50:00,17
2025.11.11 14:15:00,14:15:00,14
2025.11.11 14:16:00,14:16:00,37
2025.11.11 14:26:00,14:26:00,15
2025.11.11 14:27:00,14:27:00,15
2025.11.11 15:56:00,15:56:00,10
2025.11.11 15:57:00,15:57:00,14
2025.11.11 16:27:00,16:27:00,51
2025.11.11 16:28:00,16:28:00,39
2025.11.11 16:29:00,16:29:00,85
2025.11.11 16:30:00,16:30:00,49
2025.11.11 16:37:00,16:37:00,6
2025.11.11 16:49:00,16:49:00,14
2025.11.11 16:50:00,16:50:00,32
2025.11.11 16:51:00,16:51:00,11
2025.11.11 16:52:00,16:52:00,10
2025.11.11 16:54:00,16:54:00,22
2025.11.11 16:59:00,16:59:00,26
2025.11.11 17:11:00,17:11:00,28
2025.11.11 17:12:00,17:12:00,3
2025.11.11 17:36:00,17:36:00,29
2025.11.11 17:37:00,17:37:00,27
2025.11.11 17:38:00,17:38:00,43
2025.11.11 17:39:00,17:39:00,46
2025.11.11 18:16:00,18:16:00,25
2025.11.11 18:19:00,18:19:00,21
2025.11.11 18:20:00,18:20:00,36
2025.11.11 18:27:00,18:27:00,54
2025.11.11 18:28:00,18:28:00,19
2025.11.11 18:43:00,18:43:00,26
2025.11.11 18:44:00,18:44:00,43
2025.11.11 18:45:00,18:45:00,53
2025.11.11 18:46:00,18:46:00,78
2025.11.11 18:47:00,18:47:00,29
2025.11.11 18:48:00,18:48:00,30
2025.11.11 18:49:00,18:49:00,32
2025.11.11 18:50:00,18:50:00,62
2025.11.11 18:51:00,18:51:00,58
2025.11.11 18:52:00,18:52:00,77
2025.11.11 19:12:00,19:12:00,13
2025.11.11 19:13:00,19:13:00,14
2025.11.11 19:14:00,19:14:00,19
2025.11.11 19:15:00,19:15:00,24
2025.11.11 19:16:00,19:16:00,31
2025.11.11 19:17:00,19:17:00,31
2025.11.11 19:18:00,19:18:00,40
2025.11.11 19:19:00,19:19:00,23
2025.11.11 19:20:00,19:20:00,11
2025.11.11 19:21:00,19:21:00,17
2025.11.11 19:22:00,19:22:00,18
2025.11.11 19:23:00,19:23:00,26
2025.11.11 19:24:00,19:24:00,10
2025.11.11 19:25:00,19:25:00,32
2025.11.11 19:30:00,19:30:00,20
2025.11.11 19:31:00,19:31:00,22
2025.11.11 19:32:00,19:32:00,24
2025.11.11 19:34:00,19:34:00,43
2025.11.11 19:47:00,19:47:00,27
2025.11.11 19:48:00,19:48:00,14
2025.11.11 19:49:00,19:49:00,26
2025.11.11 19:50:00,19:50:00,8
2025.11.11 22:37:00,22:37:00,55
2025.11.11 22:38:00,22:38:00,21
2025.11.11 22:45:00,22:45:00,22
2025.11.11 22:48:00,22:48:00,12
2025.11.11 22:49:00,22:49:00,18
2025.11.11 22:54:00,22:54:00,16
2025.11.11 23:41:00,23:41:00,10
2025.11.11 23:47:00,23:47:00,17
2025.11.11 23:51:00,23:51:00,23
2025.11.11 23:52:00,23:52:00,6
2025.11.12 06:39:00,06:39:00,13
2025.11.12 06:40:00,06:40:00,14
2025.11.12 06:44:00,06:44:00,11
2025.11.12 06:46:00,06:46:00,12
2025.11.12 06:47:00,06:47:00,72
2025.11.12 06:48:00,06:48:00,60
2025.11.12 06:49:00,06:49:00,39
2025.11.12 06:50:00,06:50:00,36
2025.11.12 06:51:00,06:51:00,32
2025.11.12 06:52:00,06:52:00,71
2025.11.12 06:53:00,06:53:00,22
2025.11.12 06:54:00,06:54:00,10
2025.11.12 06:59:00,06:59:00,17
2025.11.12 08:00:00,08:00:00,25
2025.11.12 08:04:00,08:04:00,14
2025.11.12 08:30:00,08:30:00,15
2025.11.12 08:31:00,08:31:00,27
2025.11.12 08:34:00,08:34:00,64
2025.11.12 08:35:00,08:35:00,67
2025.11.12 08:36:00,08:36:00,32
2025.11.12 08:54:00,08:54:00,55
2025.11.12 08:55:00,08:55:00,99
2025.11.12 08:56:00,08:56:00,98
2025.11.12 08:57:00,08:57:00,97
2025.11.12 08:58:00,08:58:00,97
2025.11.12 08:59:00,08:59:00,88
2025.11.12 09:04:00,09:04:00,14
2025.11.12 09:05:00,09:05:00,10
2025.11.12 09:08:00,09:08:00,11
2025.11.12 09:09:00,09:09:00,18
2025.11.12 09:15:00,09:15:00,8
2025.11.12 09:22:00,09:22:00,7
2025.11.12 09:23:00,09:23:00,11
2025.11.12 09:25:00,09:25:00,8
2025.11.12 09:30:00,09:30:00,20
2025.11.12 09:33:00,09:33:00,10
2025.11.12 09:35:00,09:35:00,15
2025.11.12 09:36:00,09:36:00,11
2025.11.12 09:38:00,09:38:00,12
2025.11.12 09:43:00,09:43:00,16
2025.11.12 09:44:00,09:44:00,100
2025.11.12 09:45:00,09:45:00,100
2025.11.12 09:46:00,09:46:00,98
2025.11.12 09:47:00,09:47:00,96
2025.11.12 09:48:00,09:48:00,98
2025.11.12 09:49:00,09:49:00,52
2025.11.12 10:44:00,10:44:00,43
2025.11.12 10:45:00,10:45:00,91
2025.11.12 10:46:00,10:46:00,35
2025.11.12 10:47:00,10:47:00,43
2025.11.12 10:48:00,10:48:00,35
2025.11.12 10:49:00,10:49:00,30
2025.11.12 10:50:00,10:50:00,43
2025.11.12 10:53:00,10:53:00,89
2025.11.12 10:54:00,10:54:00,58
2025.11.12 10:55:00,10:55:00,53
2025.11.12 10:56:00,10:56:00,42
2025.11.12 10:57:00,10:57:00,64
2025.11.12 10:58:00,10:58:00,16
2025.11.12 10:59:00,10:59:00,25
2025.11.12 11:00:00,11:00:00,18
2025.11.12 11:01:00,11:01:00,27
2025.11.12 11:02:00,11:02:00,98
2025.11.12 11:03:00,11:03:00,23
2025.11.12 11:20:00,11:20:00,49
2025.11.12 11:21:00,11:21:00,94
2025.11.12 11:22:00,11:22:00,98
2025.11.12 11:23:00,11:23:00,95
2025.11.12 11:24:00,11:24:00,97
2025.11.12 11:25:00,11:25:00,96
2025.11.12 11:26:00,11:26:00,87
2025.11.12 11:27:00,11:27:00,61
2025.11.12 11:44:00,11:44:00,74
2025.11.12 11:45:00,11:45:00,80
2025.11.12 11:46:00,11:46:00,11
2025.11.12 13:08:00,13:08:00,11
2025.11.12 13:09:00,13:09:00,7
2025.11.12 13:10:00,13:10:00,57
2025.11.12 13:11:00,13:11:00,105
2025.11.12 13:12:00,13:12:00,99
2025.11.12 13:13:00,13:13:00,97
2025.11.12 13:14:00,13:14:00,51
2025.11.12 13:15:00,13:15:00,26
2025.11.12 13:16:00,13:16:00,23
2025.11.12 13:17:00,13:17:00,23
2025.11.12 13:20:00,13:20:00,10
2025.11.12 13:30:00,13:30:00,19
2025.11.12 14:00:00,14:00:00,20
2025.11.12 14:20:00,14:20:00,41
2025.11.12 14:21:00,14:21:00,13
2025.11.12 14:22:00,14:22:00,16
2025.11.12 14:24:00,14:24:00,15
2025.11.12 14:25:00,14:25:00,7
2025.11.12 14:43:00,14:43:00,11
2025.11.12 14:50:00,14:50:00,44
2025.11.12 14:51:00,14:51:00,92
2025.11.12 14:52:00,14:52:00,94
2025.11.12 14:53:00,14:53:00,88
2025.11.12 14:54:00,14:54:00,77
2025.11.12 14:55:00,14:55:00,92
2025.11.12 14:56:00,14:56:00,95
2025.11.12 14:57:00,14:57:00,95
2025.11.12 14:58:00,14:58:00,49
2025.11.12 14:59:00,14:59:00,16
2025.11.12 15:10:00,15:10:00,101
2025.11.12 15:11:00,15:11:00,90
2025.11.12 15:12:00,15:12:00,45
2025.11.12 15:13:00,15:13:00,62
2025.11.12 15:16:00,15:16:00,73
2025.11.12 15:17:00,15:17:00,74
2025.11.12 15:25:00,15:25:00,47
2025.11.12 15:26:00,15:26:00,100
2025.11.12 15:27:00,15:27:00,106
2025.11.12 15:28:00,15:28:00,96
2025.11.12 15:29:00,15:29:00,88
2025.11.12 15:30:00,15:30:00,82
2025.11.12 15:31:00,15:31:00,53
2025.11.12 15:32:00,15:32:00,18
2025.11.12 15:33:00,15:33:00,24
2025.11.12 15:47:00,15:47:00,15
2025.11.12 15:50:00,15:50:00,11
2025.11.12 16:23:00,16:23:00,9
2025.11.12 16:24:00,16:24:00,74
2025.11.12 16:25:00,16:25:00,61
2025.11.12 16:26:00,16:26:00,18
2025.11.12 16:49:00,16:49:00,19
2025.11.12 17:03:00,17:03:00,9
2025.11.12 17:06:00,17:06:00,15
2025.11.12 17:22:00,17:22:00,14
2025.11.12 17:24:00,17:24:00,80
2025.11.12 17:25:00,17:25:00,84
2025.11.12 17:26:00,17:26:00,93
2025.11.12 17:27:00,17:27:00,97
2025.11.12 17:28:00,17:28:00,98
2025.11.12 17:29:00,17:29:00,96
2025.11.12 17:30:00,17:30:00,40
2025.11.12 17:31:00,17:31:00,14
2025.11.12 18:42:00,18:42:00,13
2025.11.12 18:43:00,18:43:00,91
2025.11.12 18:44:00,18:44:00,39
2025.11.12 18:45:00,18:45:00,61
2025.11.12 18:46:00,18:46:00,65
2025.11.12 18:47:00,18:47:00,38
2025.11.12 18:48:00,18:48:00,74
2025.11.12 18:49:00,18:49:00,80
2025.11.12 18:50:00,18:50:00,91
2025.11.12 18:51:00,18:51:00,58
2025.11.12 19:02:00,19:02:00,46
2025.11.12 19:03:00,19:03:00,62
2025.11.12 19:05:00,19:05:00,29
2025.11.12 19:06:00,19:06:00,43
2025.11.12 19:07:00,19:07:00,32
2025.11.12 19:08:00,19:08:00,41
2025.11.12 19:09:00,19:09:00,29
2025.11.12 19:10:00,19:10:00,37
2025.11.12 19:11:00,19:11:00,30
2025.11.12 19:12:00,19:12:00,43
2025.11.12 19:13:00,19:13:00,63
2025.11.12 19:14:00,19:14:00,2
2025.11.12 19:15:00,19:15:00,22
2025.11.12 19:16:00,19:16:00,33
2025.11.12 19:33:00,19:33:00,24
2025.11.12 19:37:00,19:37:00,10
2025.11.12 19:38:00,19:38:00,38
2025.11.12 19:39:00,19:39:00,28
2025.11.12 19:40:00,19:40:00,15
2025.11.12 19:41:00,19:41:00,73
2025.11.12 19:42:00,19:42:00,20
2025.11.12 19:43:00,19:43:00,18
2025.11.12 19:44:00,19:44:00,10
2025.11.12 19:45:00,19:45:00,6
2025.11.12 19:49:00,19:49:00,7
2025.11.12 19:53:00,19:53:00,6
2025.11.12 20:08:00,20:08:00,53
2025.11.12 20:09:00,20:09:00,11
2025.11.12 20:10:00,20:10:00,39
2025.11.12 20:11:00,20:11:00,7
2025.11.12 20:12:00,20:12:00,11
2025.11.12 20:13:00,20:13:00,11
2025.11.12 20:14:00,20:14:00,24
2025.11.12 20:16:00,20:16:00,13
2025.11.12 20:17:00,20:17:00,25
2025.11.12 20:19:00,20:19:00,20
2025.11.12 20:27:00,20:27:00,33
2025.11.12 20:29:00,20:29:00,32
2025.11.12 20:30:00,20:30:00,10
2025.11.12 20:31:00,20:31:00,36
2025.11.12 20:32:00,20:32:00,24
2025.11.12 21:31:00,21:31:00,30
2025.11.12 21:32:00,21:32:00,34
2025.11.12 21:33:00,21:33:00,7
2025.11.12 21:34:00,21:34:00,6
2025.11.12 21:36:00,21:36:00,31
2025.11.12 21:37:00,21:37:00,21
2025.11.12 22:10:00,22:10:00,7
2025.11.12 22:51:00,22:51:00,43
2025.11.12 22:59:00,22:59:00,24
2025.11.12 23:01:00,23:01:00,36
2025.11.12 23:05:00,23:05:00,14
2025.11.12 23:24:00,23:24:00,47
2025.11.12 23:25:00,23:25:00,26
2025.11.12 23:32:00,23:32:00,12
2025.11.13 06:16:00,06:16:00,22
2025.11.13 07:40:00,07:40:00,45
2025.11.13 07:41:00,07:41:00,1
2025.11.13 07:47:00,07:47:00,35
2025.11.13 09:50:00,09:50:00,40
2025.11.13 09:51:00,09:51:00,16
2025.11.13 10:01:00,10:01:00,17
2025.11.13 10:02:00,10:02:00,94
2025.11.13 10:03:00,10:03:00,2
2025.11.13 10:19:00,10:19:00,19
2025.11.13 10:20:00,10:20:00,12
2025.11.13 10:23:00,10:23:00,29
2025.11.13 10:24:00,10:24:00,14
2025.11.13 10:25:00,10:25:00,11
2025.11.13 11:29:00,11:29:00,11
2025.11.13 11:41:00,11:41:00,17
2025.11.13 11:42:00,11:42:00,40
2025.11.13 11:47:00,11:47:00,10
2025.11.13 11:48:00,11:48:00,7
2025.11.13 11:49:00,11:49:00,40
2025.11.13 11:50:00,11:50:00,28
2025.11.13 11:59:00,11:59:00,11
2025.11.13 12:00:00,12:00:00,80
2025.11.13 12:01:00,12:01:00,38
2025.11.13 12:02:00,12:02:00,51
2025.11.13 12:17:00,12:17:00,14
2025.11.13 12:18:00,12:18:00,31
2025.11.13 12:19:00,12:19:00,39
2025.11.13 12:20:00,12:20:00,22
2025.11.13 12:21:00,12:21:00,20
2025.11.13 12:22:00,12:22:00,22
2025.11.13 12:23:00,12:23:00,14
2025.11.13 12:24:00,12:24:00,8
2025.11.13 12:25:00,12:25:00,35
2025.11.13 12:37:00,12:37:00,25
2025.11.13 13:10:00,13:10:00,31
2025.11.13 13:38:00,13:38:00,38
2025.11.13 13:47:00,13:47:00,20
2025.11.13 13:48:00,13:48:00,8
2025.11.13 14:10:00,14:10:00,6
2025.11.13 14:16:00,14:16:00,17
2025.11.13 15:09:00,15:09:00,34
2025.11.13 15:10:00,15:10:00,36
2025.11.13 15:46:00,15:46:00,19
2025.11.13 15:47:00,15:47:00,11
2025.11.13 15:55:00,15:55:00,12
2025.11.13 16:00:00,16:00:00,13
2025.11.13 16:01:00,16:01:00,10
2025.11.13 16:07:00,16:07:00,21
2025.11.13 16:12:00,16:12:00,18
2025.11.13 16:26:00,16:26:00,14
2025.11.13 16:27:00,16:27:00,20
2025.11.13 16:29:00,16:29:00,54
2025.11.13 16:30:00,16:30:00,17
2025.11.13 16:31:00,16:31:00,26
2025.11.13 16:32:00,16:32:00,62
2025.11.13 17:27:00,17:27:00,51
2025.11.13 17:28:00,17:28:00,75
2025.11.13 17:29:00,17:29:00,63
2025.11.13 17:30:00,17:30:00,47
2025.11.13 17:31:00,17:31:00,55
2025.11.13 17:54:00,17:54:00,10
2025.11.13 17:58:00,17:58:00,10
2025.11.13 18:21:00,18:21:00,9
2025.11.13 18:22:00,18:22:00,64
2025.11.13 18:23:00,18:23:00,17
2025.11.13 18:32:00,18:32:00,9
2025.11.13 18:41:00,18:41:00,28
2025.11.13 18:53:00,18:53:00,44
2025.11.13 18:54:00,18:54:00,17
2025.11.13 18:55:00,18:55:00,49
2025.11.13 18:56:00,18:56:00,45
2025.11.13 18:57:00,18:57:00,53
2025.11.13 19:14:00,19:14:00,31
2025.11.13 19:16:00,19:16:00,16
2025.11.13 19:17:00,19:17:00,34
2025.11.13 19:18:00,19:18:00,26
2025.11.13 19:19:00,19:19:00,13
2025.11.13 19:20:00,19:20:00,57
2025.11.13 19:22:00,19:22:00,27
2025.11.13 19:24:00,19:24:00,16
2025.11.13 19:26:00,19:26:00,12
2025.11.13 20:29:00,20:29:00,41
2025.11.13 20:37:00,20:37:00,9
2025.11.13 21:27:00,21:27:00,33
2025.11.13 21:28:00,21:28:00,3
2025.11.13 22:13:00,22:13:00,21
2025.11.13 23:31:00,23:31:00,18
2025.11.13 23:32:00,23:32:00,59
2025.11.13 23:33:00,23:33:00,33
2025.11.14 03:01:00,03:01:00,48
2025.11.14 04:05:00,04:05:00,23
2025.11.14 06:44:00,06:44:00,22
2025.11.14 06:45:00,06:45:00,14
2025.11.14 09:00:00,09:00:00,10
2025.11.14 09:07:00,09:07:00,22
2025.11.14 09:08:00,09:08:00,2
2025.11.14 09:31:00,09:31:00,12
2025.11.14 09:53:00,09:53:00,14
2025.11.14 09:54:00,09:54:00,18
2025.11.14 10:05:00,10:05:00,50
2025.11.14 10:06:00,10:06:00,18
2025.11.14 10:07:00,10:07:00,25
2025.11.14 10:08:00,10:08:00,59
2025.11.14 10:09:00,10:09:00,16
2025.11.14 10:13:00,10:13:00,10
2025.11.14 10:14:00,10:14:00,36
2025.11.14 10:15:00,10:15:00,17
2025.11.14 11:18:00,11:18:00,46
2025.11.14 11:20:00,11:20:00,12
2025.11.14 11:22:00,11:22:00,9
2025.11.14 11:27:00,11:27:00,24
2025.11.14 11:32:00,11:32:00,11
2025.11.14 11:34:00,11:34:00,10
2025.11.14 11:40:00,11:40:00,12
2025.11.14 11:47:00,11:47:00,19
2025.11.14 11:48:00,11:48:00,10
2025.11.14 11:52:00,11:52:00,13
2025.11.14 11:58:00,11:58:00,67
2025.11.14 11:59:00,11:59:00,3
2025.11.14 12:12:00,12:12:00,15
2025.11.14 12:13:00,12:13:00,83
2025.11.14 12:14:00,12:14:00,99
2025.11.14 12:15:00,12:15:00,98
2025.11.14 12:16:00,12:16:00,95
2025.11.14 12:17:00,12:17:00,98
2025.11.14 12:18:00,12:18:00,46
2025.11.14 12:38:00,12:38:00,18
2025.11.14 12:44:00,12:44:00,25
2025.11.14 13:11:00,13:11:00,31
2025.11.14 13:12:00,13:12:00,94
2025.11.14 13:13:00,13:13:00,96
2025.11.14 13:14:00,13:14:00,93
2025.11.14 13:15:00,13:15:00,90
2025.11.14 13:16:00,13:16:00,63
2025.11.14 13:17:00,13:17:00,33
2025.11.14 13:18:00,13:18:00,65
2025.11.14 13:19:00,13:19:00,13
2025.11.14 14:20:00,14:20:00,11
2025.11.14 14:21:00,14:21:00,20
2025.11.14 14:22:00,14:22:00,14
2025.11.14 14:27:00,14:27:00,45
2025.11.14 14:28:00,14:28:00,96
2025.11.14 14:29:00,14:29:00,96
2025.11.14 14:30:00,14:30:00,88
2025.11.14 14:31:00,14:31:00,58
2025.11.14 14:32:00,14:32:00,39
2025.11.14 14:33:00,14:33:00,29
2025.11.14 14:52:00,14:52:00,14
2025.11.14 16:36:00,16:36:00,18
2025.11.14 16:37:00,16:37:00,41
2025.11.14 16:38:00,16:38:00,96
2025.11.14 16:39:00,16:39:00,92
2025.11.14 16:40:00,16:40:00,92
2025.11.14 16:41:00,16:41:00,96
2025.11.14 16:42:00,16:42:00,79
2025.11.14 16:46:00,16:46:00,10
2025.11.14 16:52:00,16:52:00,29
2025.11.14 16:53:00,16:53:00,23
2025.11.14 16:54:00,16:54:00,30
2025.11.14 16:55:00,16:55:00,6
2025.11.14 16:56:00,16:56:00,44
2025.11.14 16:57:00,16:57:00,19
2025.11.14 17:16:00,17:16:00,10
2025.11.14 18:03:00,18:03:00,58
2025.11.14 18:05:00,18:05:00,75
2025.11.14 18:10:00,18:10:00,10
2025.11.14 18:14:00,18:14:00,32
2025.11.14 18:15:00,18:15:00,25
2025.11.14 18:16:00,18:16:00,22
2025.11.14 18:17:00,18:17:00,43
2025.11.14 18:48:00,18:48:00,16
2025.11.14 18:49:00,18:49:00,58
2025.11.14 18:52:00,18:52:00,6
2025.11.14 18:56:00,18:56:00,11
2025.11.14 18:58:00,18:58:00,22
2025.11.14 19:06:00,19:06:00,70
2025.11.14 19:07:00,19:07:00,18
2025.11.14 19:11:00,19:11:00,43
2025.11.14 19:12:00,19:12:00,35
2025.11.14 19:13:00,19:13:00,46
2025.11.14 19:14:00,19:14:00,39
2025.11.14 19:16:00,19:16:00,14
2025.11.14 19:17:00,19:17:00,55
2025.11.14 19:18:00,19:18:00,49
2025.11.14 19:19:00,19:19:00,41
2025.11.14 19:20:00,19:20:00,54
2025.11.14 19:30:00,19:30:00,12
2025.11.14 19:44:00,19:44:00,16
2025.11.14 19:45:00,19:45:00,11
2025.11.14 19:49:00,19:49:00,53
2025.11.14 19:50:00,19:50:00,12
2025.11.14 19:51:00,19:51:00,60
2025.11.14 19:52:00,19:52:00,47
2025.11.14 19:53:00,19:53:00,21
2025.11.14 19:54:00,19:54:00,16
2025.11.14 19:56:00,19:56:00,21
2025.11.14 20:12:00,20:12:00,27
2025.11.14 20:21:00,20:21:00,19
2025.11.14 20:23:00,20:23:00,28
2025.11.14 20:24:00,20:24:00,28
2025.11.14 20:25:00,20:25:00,28
2025.11.14 20:57:00,20:57:00,11
2025.11.14 20:58:00,20:58:00,54
2025.11.14 20:59:00,20:59:00,66
2025.11.14 21:00:00,21:00:00,14
2025.11.14 21:01:00,21:01:00,24
2025.11.14 21:02:00,21:02:00,12
2025.11.14 21:03:00,21:03:00,13
2025.11.14 21:06:00,21:06:00,21
2025.11.14 21:07:00,21:07:00,11
2025.11.14 22:23:00,22:23:00,54
2025.11.14 22:24:00,22:24:00,35
2025.11.14 22:38:00,22:38:00,6
2025.11.14 22:39:00,22:39:00,15
2025.11.14 22:40:00,22:40:00,14
2025.11.14 23:01:00,23:01:00,40
2025.11.14 23:16:00,23:16:00,15
2025.11.14 23:17:00,23:17:00,28
2025.11.14 23:25:00,23:25:00,7
2025.11.14 23:26:00,23:26:00,27
2025.11.14 23:27:00,23:27:00,18
2025.11.14 23:31:00,23:31:00,31
2025.11.14 23:32:00,23:32:00,62
2025.11.15 00:30:00,00:30:00,7
2025.11.15 00:41:00,00:41:00,54
2025.11.15 00:42:00,00:42:00,34
2025.11.15 01:40:00,01:40:00,49
2025.11.15 01:43:00,01:43:00,45
2025.11.15 01:46:00,01:46:00,11
2025.11.15 01:51:00,01:51:00,9
2025.11.15 08:50:00,08:50:00,40
2025.11.15 08:51:00,08:51:00,66
2025.11.15 08:54:00,08:54:00,30
2025.11.15 08:55:00,08:55:00,46
2025.11.15 08:56:00,08:56:00,68
2025.11.15 09:16:00,09:16:00,28
2025.11.15 09:25:00,09:25:00,8
2025.11.15 09:26:00,09:26:00,35
2025.11.15 09:34:00,09:34:00,34
2025.11.15 10:21:00,10:21:00,13
2025.11.15 10:24:00,10:24:00,13
2025.11.15 10:32:00,10:32:00,14
2025.11.15 10:33:00,10:33:00,30
2025.11.15 10:40:00,10:40:00,63
2025.11.15 10:41:00,10:41:00,53
2025.11.15 10:42:00,10:42:00,77
2025.11.15 10:43:00,10:43:00,11
2025.11.15 10:48:00,10:48:00,16
2025.11.15 10:49:00,10:49:00,47
2025.11.15 10:50:00,10:50:00,61
2025.11.15 10:51:00,10:51:00,12
2025.11.15 10:52:00,10:52:00,45
2025.11.15 10:53:00,10:53:00,47
2025.11.15 10:54:00,10:54:00,59
2025.11.15 10:59:00,10:59:00,32
2025.11.15 11:00:00,11:00:00,3
2025.11.15 11:01:00,11:01:00,52
2025.11.15 11:02:00,11:02:00,50
2025.11.15 11:04:00,11:04:00,20
2025.11.15 11:05:00,11:05:00,28
2025.11.15 11:06:00,11:06:00,16
2025.11.15 11:07:00,11:07:00,58
2025.11.15 11:14:00,11:14:00,71
2025.11.15 11:15:00,11:15:00,55
2025.11.15 11:16:00,11:16:00,28
2025.11.15 11:19:00,11:19:00,7
2025.11.15 11:20:00,11:20:00,49
2025.11.15 11:21:00,11:21:00,13
2025.11.15 11:22:00,11:22:00,41
2025.11.15 11:46:00,11:46:00,31
2025.11.15 12:10:00,12:10:00,20
2025.11.15 12:11:00,12:11:00,42
2025.11.15 12:18:00,12:18:00,43
2025.11.15 12:19:00,12:19:00,34
2025.11.15 12:20:00,12:20:00,32
2025.11.15 12:21:00,12:21:00,14
2025.11.15 12:22:00,12:22:00,49
2025.11.15 12:23:00,12:23:00,42
2025.11.15 12:30:00,12:30:00,16
2025.11.15 12:31:00,12:31:00,19
2025.11.15 12:44:00,12:44:00,12
2025.11.15 12:45:00,12:45:00,50
2025.11.15 12:46:00,12:46:00,61
2025.11.15 12:47:00,12:47:00,62
2025.11.15 12:48:00,12:48:00,46
2025.11.15 12:49:00,12:49:00,9
2025.11.15 12:50:00,12:50:00,57
2025.11.15 12:51:00,12:51:00,76
2025.11.15 12:52:00,12:52:00,52
2025.11.15 12:53:00,12:53:00,48
2025.11.15 12:59:00,12:59:00,35
2025.11.15 13:21:00,13:21:00,11
2025.11.15 13:28:00,13:28:00,15
2025.11.15 14:40:00,14:40:00,10
2025.11.15 16:11:00,16:11:00,15
2025.11.15 16:18:00,16:18:00,32
2025.11.15 16:22:00,16:22:00,10
2025.11.15 16:26:00,16:26:00,10
2025.11.15 16:27:00,16:27:00,28
2025.11.15 16:43:00,16:43:00,11
2025.11.15 16:44:00,16:44:00,60
2025.11.15 16:45:00,16:45:00,13
2025.11.15 16:52:00,16:52:00,11
2025.11.15 17:34:00,17:34:00,16
2025.11.15 17:35:00,17:35:00,59
2025.11.15 17:37:00,17:37:00,21
2025.11.15 17:47:00,17:47:00,10
2025.11.15 17:48:00,17:48:00,1
2025.11.15 17:49:00,17:49:00,13
2025.11.15 17:51:00,17:51:00,16
2025.11.15 17:55:00,17:55:00,12
2025.11.15 17:56:00,17:56:00,42
2025.11.15 17:57:00,17:57:00,13
2025.11.15 17:58:00,17:58:00,31
2025.11.15 17:59:00,17:59:00,16
2025.11.15 18:34:00,18:34:00,21
2025.11.15 18:35:00,18:35:00,14
2025.11.15 18:36:00,18:36:00,10
2025.11.15 18:37:00,18:37:00,28
2025.11.15 18:38:00,18:38:00,48
2025.11.15 18:44:00,18:44:00,24
2025.11.15 18:59:00,18:59:00,9
2025.11.15 19:00:00,19:00:00,18
2025.11.15 19:05:00,19:05:00,18
2025.11.15 19:06:00,19:06:00,2
2025.11.15 19:07:00,19:07:00,27
2025.11.15 19:08:00,19:08:00,45
2025.11.15 19:09:00,19:09:00,63
2025.11.15 19:10:00,19:10:00,61
2025.11.15 19:11:00,19:11:00,54
2025.11.15 19:13:00,19:13:00,13
2025.11.15 19:14:00,19:14:00,24
2025.11.15 19:28:00,19:28:00,15
2025.11.15 19:29:00,19:29:00,10
2025.11.15 19:30:00,19:30:00,12
2025.11.15 19:36:00,19:36:00,24
2025.11.15 19:37:00,19:37:00,15
2025.11.15 19:38:00,19:38:00,55
2025.11.15 19:39:00,19:39:00,20
2025.11.15 19:40:00,19:40:00,12
2025.11.15 19:41:00,19:41:00,31
2025.11.15 19:42:00,19:42:00,19
2025.11.15 19:43:00,19:43:00,29
2025.11.15 19:44:00,19:44:00,20
2025.11.15 19:45:00,19:45:00,15
2025.11.15 19:46:00,19:46:00,35
2025.11.15 19:47:00,19:47:00,1
2025.11.15 20:01:00,20:01:00,31
2025.11.15 20:34:00,20:34:00,20
2025.11.15 20:35:00,20:35:00,31
2025.11.15 21:50:00,21:50:00,36
2025.11.15 21:54:00,21:54:00,16
2025.11.15 22:36:00,22:36:00,26
2025.11.15 22:38:00,22:38:00,12
2025.11.15 22:39:00,22:39:00,7
2025.11.16 01:14:00,01:14:00,11
2025.11.16 01:15:00,01:15:00,72
2025.11.16 01:16:00,01:16:00,28
2025.11.16 02:01:00,02:01:00,10
2025.11.16 05:44:00,05:44:00,49
2025.11.16 07:45:00,07:45:00,11
2025.11.16 08:54:00,08:54:00,15
2025.11.16 09:26:00,09:26:00,54
2025.11.16 10:01:00,10:01:00,12
2025.11.16 10:20:00,10:20:00,21
2025.11.16 10:21:00,10:21:00,55
2025.11.16 10:22:00,10:22:00,20
2025.11.16 10:23:00,10:23:00,38
2025.11.16 10:36:00,10:36:00,8
2025.11.16 10:37:00,10:37:00,54
2025.11.16 10:38:00,10:38:00,41
2025.11.16 10:39:00,10:39:00,2
2025.11.16 11:52:00,11:52:00,92
2025.11.16 11:53:00,11:53:00,15
2025.11.16 11:57:00,11:57:00,27
2025.11.16 12:15:00,12:15:00,22
2025.11.16 12:19:00,12:19:00,47
2025.11.16 12:20:00,12:20:00,11
2025.11.16 12:21:00,12:21:00,17
2025.11.16 12:23:00,12:23:00,38
2025.11.16 12:27:00,12:27:00,24
2025.11.16 12:28:00,12:28:00,44
2025.11.16 13:14:00,13:14:00,32
2025.11.16 13:20:00,13:20:00,16
2025.11.16 13:27:00,13:27:00,13
2025.11.16 13:28:00,13:28:00,29
2025.11.16 14:04:00,14:04:00,14
2025.11.16 14:10:00,14:10:00,45
2025.11.16 14:17:00,14:17:00,36
2025.11.16 14:18:00,14:18:00,10
2025.11.16 14:19:00,14:19:00,95
2025.11.16 14:20:00,14:20:00,54
2025.11.16 14:21:00,14:21:00,45
2025.11.16 14:22:00,14:22:00,21
2025.11.16 14:23:00,14:23:00,30
2025.11.16 14:24:00,14:24:00,15
2025.11.16 14:25:00,14:25:00,60
2025.11.16 14:26:00,14:26:00,77
2025.11.16 14:27:00,14:27:00,76
2025.11.16 14:28:00,14:28:00,11
2025.11.16 14:29:00,14:29:00,14
2025.11.16 14:31:00,14:31:00,36
2025.11.16 14:32:00,14:32:00,50
2025.11.16 14:33:00,14:33:00,37
2025.11.16 14:34:00,14:34:00,27
2025.11.16 14:35:00,14:35:00,61
2025.11.16 14:36:00,14:36:00,53
2025.11.16 14:37:00,14:37:00,28
2025.11.16 15:37:00,15:37:00,14
2025.11.16 15:38:00,15:38:00,15
2025.11.16 15:39:00,15:39:00,51
2025.11.16 15:40:00,15:40:00,48
2025.11.16 16:04:00,16:04:00,10
2025.11.16 16:31:00,16:31:00,15
2025.11.16 16:35:00,16:35:00,11
2025.11.16 17:24:00,17:24:00,44
2025.11.16 17:25:00,17:25:00,19
2025.11.16 17:26:00,17:26:00,45
2025.11.16 18:01:00,18:01:00,45
2025.11.16 18:02:00,18:02:00,37
2025.11.16 18:10:00,18:10:00,41
2025.11.16 18:16:00,18:16:00,11
2025.11.16 18:19:00,18:19:00,23
2025.11.16 18:20:00,18:20:00,18
2025.11.16 18:28:00,18:28:00,32
2025.11.16 18:38:00,18:38:00,45
2025.11.16 18:39:00,18:39:00,31
2025.11.16 18:40:00,18:40:00,13
2025.11.16 18:41:00,18:41:00,40
2025.11.16 18:42:00,18:42:00,12
2025.11.16 18:43:00,18:43:00,45
2025.11.16 18:48:00,18:48:00,28
2025.11.16 18:51:00,18:51:00,17
2025.11.16 18:59:00,18:59:00,10
2025.11.16 19:08:00,19:08:00,24
2025.11.16 19:09:00,19:09:00,40
2025.11.16 19:10:00,19:10:00,54
2025.11.16 19:11:00,19:11:00,67
2025.11.16 19:12:00,19:12:00,25
2025.11.16 19:13:00,19:13:00,27
2025.11.16 19:14:00,19:14:00,28
2025.11.16 19:15:00,19:15:00,21
2025.11.16 19:16:00,19:16:00,22
2025.11.16 19:17:00,19:17:00,64
2025.11.16 19:18:00,19:18:00,27
2025.11.16 19:25:00,19:25:00,25
2025.11.16 19:26:00,19:26:00,56
2025.11.16 19:27:00,19:27:00,2
2025.11.16 20:49:00,20:49:00,14
2025.11.16 20:55:00,20:55:00,32
2025.11.16 20:57:00,20:57:00,7
2025.11.16 22:14:00,22:14:00,10
2025.11.16 22:43:00,22:43:00,11
2025.11.16 22:44:00,22:44:00,41
2025.11.16 22:45:00,22:45:00,16
2025.11.16 23:25:00,23:25:00,6
2025.11.16 23:26:00,23:26:00,37
2025.11.16 23:27:00,23:27:00,11
2025.11.16 23:29:00,23:29:00,25
2025.11.16 23:30:00,23:30:00,22
